"J","iters","secs","sec_por_Jiter"
200,75,3.08713603019714,0.00020580906867981
600,75,33.0621960163116,0.000734715467029148
600,150,56.7450239658356,0.000630500266287062
