"model","aic","r2_mcfadden","loglik","loglik_null"
"clogit principal",87316.7329576073,0.208841125763104,-43643.3664788037,-55163.8462260812
"clogit + PPOO",87206.1197930139,0.209898096701239,-43585.059896507,-55163.8462260812
"clogit + d_theta1 x lista",86786.7682222524,0.213862210887268,-43366.3841111262,-55163.8462260812
