"model","aic","r2_mcfadden","loglik","loglik_null"
"clogit principal",87344.0978560601,0.208574965039535,-43658.0489280301,-55163.8462260812
"clogit + PPOO",87231.9310168691,0.20964601834052,-43598.9655084346,-55163.8462260812
"clogit + d_theta1 x lista",86820.6548613911,0.213536937709328,-43384.3274306956,-55163.8462260812
