"term","estimate","std_error","p_value"
"sum",1.49821419707273,0.0268234103582983,0
"nodematch.sum.afiliacion_agrupada",0.576574115561168,0.00953915084949278,0
"nodematch.sum.experiencia_previa_institucional",0.435444553607367,0.0113305679574488,3.95252516672997e-323
"nodematch.sum.es_abogado",0.155660464759067,0.00912235408452093,2.7681229469214e-65
"nodematch.sum.es_mujer",0.141501366856279,0.0086048970981169,9.21680119253956e-61
"absdiff.sum.edad_al_asumir",-0.000469028422902227,0.000474894197094088,0.32332494694118
"absdiff.sum.grado_academico_nivel",-0.0478022888780796,0.0055168709624569,4.52518394826609e-18
"nodecov.sum.edad_al_asumir",-0.00818787427193227,0.000283784395452607,4.72106731123613e-183
