"conglomerado","estimate","or","se_robust","p","ci_lo","ci_hi"
"Vamos por Chile",0.942440618847075,2.56623698785227,0.214252588656129,1.08883077243434e-05,0.522505545081062,1.36237569261309
"Apruebo Dignidad",0.929613541441916,2.53352988409599,0.144492177087457,1.24567327903032e-10,0.646408874350501,1.21281820853333
"Lista del Apruebo",1.04905019587204,2.85493819781034,0.187908034889268,2.36697013808864e-08,0.680750447489074,1.41734994425501
"Lista del Pueblo",1.06725689346521,2.90739326197782,0.164239729578157,8.13055021992609e-11,0.745347023492019,1.3891667634384
"Escaños Reservados PPOO",1.43123274937052,4.18385365715081,0.212452993498552,1.62020718215313e-11,1.01482488211336,1.84764061662768
"Independientes No Neutrales",NA,NA,0,NA,NA,NA
"Otras listas locales",1.32654445561487,3.76800037265806,0.159500474290053,9.03179358005218e-17,1.01392352600637,1.63916538522337
