"conglomerado","estimate","or","se_robust","p","ci_lo","ci_hi"
"Vamos por Chile",0.946467586357927,2.57659197643536,0.210438780062253,6.87277121590136e-06,0.534007577435911,1.35892759527994
"Apruebo Dignidad",0.933041286831519,2.54222908027286,0.14418591588016,9.72928801276887e-11,0.650436891706406,1.21564568195663
"Lista del Apruebo",1.04204187729017,2.83499983021316,0.185388952145108,1.90029785455167e-08,0.678679531085762,1.40540422349459
"Lista del Pueblo",1.07283770771638,2.92366424416203,0.165557971696233,9.16416838326594e-11,0.748344083191759,1.39733133224099
"Escaños Reservados PPOO",1.44481880524318,4.24108361108199,0.211424007443238,8.27231525633894e-12,1.03042775065443,1.85920985983192
"Independientes No Neutrales",NA,NA,0,NA,NA,NA
"Otras listas locales",1.32981840802804,3.78035684278137,0.160579947810385,1.21788851381331e-16,1.01508171031969,1.6445551057364
