"conglomerado","estimate","or","se_robust","p","ci_lo","ci_hi"
"Vamos por Chile",1.03553310703224,2.81660738865683,0.21853744852416,2.15338079077962e-06,0.607199707924883,1.46386650613959
"Apruebo Dignidad",0.782840926979152,2.18767848043913,0.128056021706541,9.76105349805461e-10,0.531851124434333,1.03383072952397
"Lista del Apruebo",0.991232057118558,2.69455227037728,0.168024839923751,3.65005905495253e-09,0.661903370868006,1.32056074336911
"Lista del Pueblo",1.01942974955954,2.77161379924444,0.150460664719035,1.24070732764012e-11,0.724526846710237,1.31433265240885
"Escaños Reservados PPOO",1.99514262298488,7.35325169581234,0.204658937758089,1.86989140870113e-22,1.59401110497902,2.39627414099073
"Independientes No Neutrales",NA,NA,0,NA,NA,NA
"Otras listas locales",1.09323630337841,2.98391531837569,0.152126241208688,6.6533868848702e-13,0.795068870609379,1.39140373614744
