"conglomerado","estimate","or","se_robust","p","ci_lo","ci_hi"
"Vamos por Chile",1.27640907983131,3.58374764051666,0.165679678437583,1.31791870532685e-14,0.951676910093652,1.60114124956898
"Apruebo Dignidad",0.604989792106259,1.83123351575322,0.122760704169593,8.29889470306411e-07,0.364378811933857,0.845600772278661
"Lista del Apruebo",0.987238893934507,2.68381393767997,0.16151799381466,9.82340839795201e-10,0.670663626057773,1.30381416181124
"Lista del Pueblo",0.994368290589356,2.70301628101554,0.147334500266196,1.48813648111011e-11,0.705592670067612,1.2831439111111
"Escaños Reservados PPOO",1.78532368148514,5.96150926549622,0.189046522093963,3.5938844169169e-21,1.41479249818097,2.1558548647893
"Independientes No Neutrales",NA,NA,0,NA,NA,NA
"Otras listas locales",1.07818521964663,2.93934045058194,0.151289005731236,1.02834111295356e-12,0.781658768413409,1.37471167087985
