"conglomerado","estimate","or","se_robust","p","ci_lo","ci_hi"
"Vamos por Chile",1.04928714563501,2.85561475489147,0.218185225168427,1.51567634533139e-06,0.621644104304898,1.47693018696513
"Apruebo Dignidad",0.78558228201679,2.1936839116108,0.128035245447493,8.47999120180165e-10,0.534633200939703,1.03653136309388
"Lista del Apruebo",1.01236330807541,2.75209738951106,0.167332429746078,1.44834507358052e-09,0.684391745773094,1.34033487037772
"Lista del Pueblo",1.01502827904171,2.75944143063223,0.150607976343141,1.58890316061759e-11,0.719836645409153,1.31021991267426
"Escaños Reservados PPOO",1.79998045084386,6.04952920006608,0.214715065261648,5.15463634988169e-17,1.37913892293103,2.22082197875669
"Independientes No Neutrales",NA,NA,0,NA,NA,NA
"Otras listas locales",1.09444897952179,2.98753603623153,0.152129673926965,6.28350685486557e-13,0.796274818624943,1.39262314041864
