"spec","term","estimate","se","p","n"
"normas | theta original | lag","net_exposure_lag",0.0066356500918416,0.00425010328239256,0.118530349411322,4355
"normas | theta original | lead (falsificación)","net_exposure_lead",0.0097352657437998,0.00448505781856329,0.0300353582272095,3329
"normas | theta original | horse race","net_exposure_lag",0.00184734884318386,0.00500178957648317,0.711900780474354,3328
"normas | theta original | horse race","innovación lead",0.0614663449994032,0.0226873161552802,0.00677914540134545,3328
"normas | theta era-2/3 | lag","E_lag",0.020871211365918,0.00476521845147228,1.21840921478415e-05,4065
"normas | theta era-2/3 | lead (falsificación)","E_lead",0.0203993956653954,0.00550081428853114,0.000212479025304892,3038
"normas | theta era-2/3 | horse race","E_lag",0.0158792711694159,0.00588264570471834,0.00698825765995384,3038
"normas | theta era-2/3 | horse race","innovación lead",0.0534824351057211,0.0216985250807694,0.0137670726258005,3038
