"model","term","estimate","se","p"
"OLS agrupado","net_exposure_lag",0.0706527687288952,0.0121962070192059,7.41713877006994e-09
"Efectos fijos","net_exposure_lag",0.00801641927693219,0.00479418431869322,0.0945788890849252
"OLS + FE comisión","net_exposure_lag",0.0706994384499654,0.0121458755407057,6.28997208965651e-09
"Falsificación (lead)","net_exposure_lead",0.0931867505479246,0.0141565915042753,5.37207397245927e-11
"FE, exposición decaimiento","net_exposure_decay_lag",0.00883707513596737,0.00434863828370893,0.0422035520929903
"FE, exposición última onda","net_exposure_last_lag",0.00676167238111597,0.0127640056040388,0.596645807963821
"FE, delta por día","net_exposure_lag",0.000232023756336754,0.000630771779629677,0.71301089222418
