"model","term","estimate","se","p"
"OLS agrupado","net_exposure_lag",0.0355596885801629,0.00985394056851972,0.000311288123625281
"Efectos fijos","net_exposure_lag",-0.000672311600839749,0.00453022013288745,0.882029667626812
"OLS + FE comisión","net_exposure_lag",0.0363536609969064,0.00954406836842753,0.000141474413266413
"Falsificación (lead)","net_exposure_lead",0.0552001861617381,0.0116407175027621,2.20632996772556e-06
"FE, exposición decaimiento","net_exposure_decay_lag",0.00168789676881811,0.00451007666719795,0.708237482799178
"FE, exposición última onda","net_exposure_last_lag",0.00676167238111597,0.0127640056040388,0.596645807963821
"FE, delta por día","net_exposure_lag",-9.62297585887473e-05,0.000445542658236732,0.82901147816605
