"model","term","estimate","se","p"
"OLS agrupado","net_exposure_lag",0.0719339730111715,0.0112217933407772,1.60787877243514e-10
"Efectos fijos","net_exposure_lag",0.00663565009184161,0.00425107953215447,0.118614932610964
"OLS + FE comisión","net_exposure_lag",0.0727401514087242,0.0114904504490772,2.69127533932196e-10
"Falsificación (lead)","net_exposure_lead",0.0914655123909704,0.013138631371527,4.03696811192798e-12
"FE, exposición decaimiento","net_exposure_decay_lag",0.00809196481575758,0.00398301880219541,0.0422553880179951
"FE, exposición última onda","net_exposure_last_lag",0.00676167238111597,0.0127640056040388,0.596645807963821
"FE, delta por día","net_exposure_lag",0.000218383484299451,0.000622873225739735,0.725901067098492
