"spec","term","estimate","se","p","n"
"FE theta-régimen 2/3","E_lag",0.020871211365918,0.00476521845147228,1.21840921478415e-05,4065
"FE lead (falsificación), theta-régimen","E_lead",0.0203993956653954,0.00550081428853114,0.000212479025304892,3038
