"spec","term","estimate","se","p","n"
"FE theta-régimen 2/3","E_lag",0.0106434493551249,0.00471101269135886,0.0239230819201807,3952
"FE lead (falsificación), theta-régimen","E_lead",0.00780360362311814,0.00576532792257267,0.175991334799402,2982
