"model","AIC","logLik","param"
"OLS",-452.048751638574,238.024375819287,NA
"SEM",-547.348366917061,286.67418345853,0.986690878425102
"SAR",-546.463367252145,286.231683626072,0.97315087949235
"SDM",-558.477506696237,302.238753348119,0.931763673043341
