"model","AIC","logLik","param"
"OLS",-448.891546339685,236.445773169842,NA
"SEM",-529.489613312644,277.744806656322,0.981199937854723
"SAR",-539.288913481087,282.644456740544,0.978676707842274
"SDM",-575.495087296855,310.747543648427,0.942948579396092
