"model","AIC","logLik","param"
"OLS",-454.835719599693,239.417859799846,NA
"SEM",-555.086803462903,290.543401731452,0.986641857554199
"SAR",-558.639223697595,292.319611848797,0.977297252448954
"SDM",-574.33137960308,310.16568980154,0.945384988485642
