"variant","N","moran_I","moran_p","rho","AIC_ols","AIC_sdm"
"y' | W iniciativa (principal)",154,0.441645670022812,1.56280596506062e-163,0.931763673043341,-452.048751638574,-558.477506696237
"y condicional (DV antigua) | W iniciativa",154,0.143761303301318,3.0554472378299e-20,0.634248102231419,-230.287437664448,-230.580716973462
"y' | W binaria",154,0.189217840406022,5.36166375492695e-127,0.795894364561343,-452.048751638574,-491.861358227331
"y' | W artículo",154,0.4873347596638,2.45190969976047e-178,0.947616016780643,-452.048751638574,-571.170674015453
"y' SBERT | W iniciativa",154,0.467655240410576,3.54722383809964e-182,0.921323642833175,-329.757939935457,-450.474657173609
