"variant","N","moran_I","moran_p","rho","AIC_ols","AIC_sdm"
"y' | W iniciativa (principal)",154,0.457326673867467,4.58359155469345e-177,0.945384988485642,-454.835719599693,-574.33137960308
"y condicional (DV antigua) | W iniciativa",154,0.162028249898976,3.03367907871354e-25,0.785675863991576,-232.319889143885,-238.339146463243
"y' | W binaria",154,0.269424843910502,2.87576599514814e-157,0.87904661077488,-454.835719599693,-509.581955055584
"y' | W artículo",154,0.4873347596638,2.45190969976047e-178,0.944822024252784,-454.835719599693,-573.249340847762
"y' SBERT | W iniciativa",154,0.478048129632356,2.21117967318606e-192,0.936703063644634,-331.371373228531,-473.191980873766
