"variant","N","moran_I","moran_p","rho","AIC_ols","AIC_sdm"
"y' | W iniciativa (principal)",154,0.379544886712502,2.05422614834713e-194,0.942948579396092,-448.891546339685,-575.495087296855
"y condicional (DV antigua) | W iniciativa",154,0.139732259914692,8.78409051708793e-30,0.840248858291581,-224.898831887555,-239.52902117166
"y' | W binaria",154,0.184745763684658,1.94197103086857e-147,0.794142467802181,-448.891546339685,-512.619388863165
"y' | W artículo",154,0.40804909875803,2.10517532579486e-187,0.93454658139001,-448.891546339685,-581.260247683468
"y' SBERT | W iniciativa",154,0.398703612669112,3.04076190453585e-213,0.936543894575938,-329.168432355095,-488.977775547664
