"term","delta_x","efecto_propio","derrame_total"
"dist_pivot",0.837074401974678,-0.0250314847945477,-2.01881538813293
"n_iniciativas",78,-0.00930457929517957,0.0665962403307643
"es_abogado",1,0.0321733846345435,1.83215687964858
"experiencia_previa_institucional",1,0.0383513776976551,1.683861821003
