"term","Estimate","Std..Error","t.value","Pr...t.."
"dist_pivot",-0.0423983974889507,0.0153297514856028,-2.76575895759105,0.00574646830453527
"sd_theta1",0.0325231869778262,0.0118924294432337,2.73478073871026,0.00631333468794593
"size",0.0186117339519668,0.00977903748070304,1.90322759153887,0.0571960721568218
"m_betw",-0.00707681828777095,0.0111060379806818,-0.637204581875247,0.524085757394113
"m_constraint",0.0259308385403942,0.0135012092156234,1.9206308210073,0.0549616681695547
"dens_interna",0.0129252904712298,0.00904530467245518,1.42895026085633,0.153220149705172
"sh_abogado",0.000966740592757586,0.012773297816895,0.075684494843524,0.93967988513848
"sh_exper",-0.0256081640932348,0.0144949383757722,-1.76669699652107,0.0774758953048404
"m_grado",-0.00650515518051465,0.00998507196700296,-0.651488061579509,0.51482812240086
