"term","Estimate","Std..Error","z.value","Pr...z.."
"E_same",2.75732660681286,0.316127529104993,8.72219706590973,2.72854909629255e-18
"E_diff",8.96490699693964,0.486446426560786,18.4293819574793,7.6350302373549e-76
"R_com",-2.64699682358043,0.422888246482366,-6.25932937507359,3.86636495495079e-10
