"window","phi","se_cluster","p_cluster","n","p_perm","perm_mean","perm_p95"
"normas (>=2022-02-15)",14.0069202513504,0.860321521549686,1.34585125077249e-59,374044,0,6.54591682522849,6.62182178049064
"completo (jul21-jun22)",13.7816766412786,0.754275331341123,1.39782119171669e-74,486021,NA,NA,NA
