"atributo","n","n_emisores","phi_con","se_con","phi_sin","se_sin","dif","se_dif","p_dif"
"abogado",374030,60,5.81759937829911,0.459799249955086,5.95245326297129,0.540653088890386,-0.134853884672176,0.88933570601657,0.8794753011851
"posgrado (magister/doctorado)",374024,55,4.2668659389124,0.486218325400866,6.99049421669574,0.558199186672453,-2.72362827778334,0.903966009580338,0.00258699011711843
"experiencia institucional",374026,35,2.61044569915941,0.344174942572082,9.25604754731132,0.519075499865716,-6.64560184815192,0.74639139121456,5.40434885050709e-19
