"window","phi","se_cluster","p_cluster","n","p_perm","perm_mean","perm_p95"
"normas (>=2022-02-15)",11.2126941038434,0.524995753956162,3.3080207640193e-101,374047,0,6.01714146593842,6.07719056558825
"completo (jul21-jun22)",11.0611423266778,0.470914690525597,5.32988450291534e-122,486024,NA,NA,NA
