"model","term","estimate","se","p","n"
"prev-votación","E_prev1",2.98196736924999,0.173658122323949,4.34189062528168e-66,374007
"prev-día","E_prevday",-0.0955957722609721,0.302696266313391,0.752143556661338,374048
"horse race","E",11.0822263627431,0.517818210978185,1.28630511930516e-101,374006
"horse race","E_prev1",0.717074084885042,0.104698161442794,7.43859851086178e-12,374006
"propensión acumulada","E_cum",10.4440620685902,5.14558909241037,0.0423858591630516,374048
"contemporánea (ref)","E",11.2126941038434,0.524995753956162,3.3080207640193e-101,374047
