"term","Estimate","Std..Error","z.value","Pr...z.."
"E_same",2.99406342713983,0.319356697272314,9.37529556358985,6.89822244099415e-21
"E_diff",8.67101495421106,0.45751417493641,18.9524509386321,4.21487380537596e-80
"R_com",-3.00603623407261,0.445224856514787,-6.75172598763648,1.46096601912973e-11
