"window","phi","se_cluster","p_cluster","n","p_perm","perm_mean","perm_p95"
"normas (>=2022-02-15)",11.4641302059157,0.570463007653149,7.96891098224071e-90,374039,0,5.93263732525081,5.9976637503111
"completo (jul21-jun22)",11.2988968765252,0.509042175691338,3.72195075417439e-109,486016,NA,NA,NA
