"metric","value"
"EI_grupal",0.574929606841172
"EI_perm_media",0.890248568582074
"EI_perm_p5",0.852374754197457
"EI_perm_p95",0.918135601270701
"p_enclave",0
"EI_nodo_mediana",0.219424460431655
"constraint_ppoo_mediana",0.079872435804092
"constraint_resto_mediana",0.0681341864467823
"wilcoxon_p",0.141504119344725
