"metric","value"
"EI_grupal",0.562184024266936
"EI_perm_media",0.891418464926831
"EI_perm_p5",0.853278315785161
"EI_perm_p95",0.920170465361685
"p_enclave",0
"EI_nodo_mediana",0.273408239700375
"constraint_ppoo_mediana",0.0668272097703936
"constraint_resto_mediana",0.0657334489578054
"wilcoxon_p",0.525944135541892
