"modelo","term","estimate","p","logLik"
"sr1 sola","sr1_inf",2.52488435345429,1.09478302195578e-09,-188.818575535184
"sr2 sola","sr2_inf",2.54494110450383,6.98126960416384e-22,-110.133064182496
"sr3 sola","sr3_inf",2.62443701469202,1.13653988529016e-19,-113.902113702219
"las tres","sr2_inf",2.54494110450383,6.98126960416384e-22,-110.133064182496
