"modelo","term","estimate","p","logLik"
"sr1 sola","sr1_inf",1.62728420084488,0.00181475000978323,-75.9444008502727
"sr2 sola","sr2_inf",1.62320792564435,8.35780330281449e-07,-61.5653882457961
"sr3 sola","sr3_inf",0.773832288801653,0.000389051145407212,-73.3983978486877
"las tres","sr2_inf",1.62320792564435,8.35780330281449e-07,-61.5653882457961
