"modelo","term","estimate","p","logLik"
"sr1 sola","sr1_inf",1.23233108153913,0.00309086753889708,-99.6644154030156
"sr2 sola","sr2_inf",1.45887831508412,3.93961422936632e-07,-84.0171333040883
"sr3 sola","sr3_inf",0.805514777816377,5.97964203075549e-05,-93.186600798525
"las tres","sr1_inf",-6.8873866326163,3.16919722877064e-06,-67.8058676232372
"las tres","sr2_inf",6.86622747081915,2.84247819615978e-09,-67.8058676232372
"las tres","sr3_inf",-2.54712830915873,2.89415705214444e-07,-67.8058676232372
