"modelo","term","estimate","p","logLik"
"sr1 sola","sr1_inf",1.26265419224392,0.00153285151818956,-99.9325236314315
"sr2 sola","sr2_inf",1.45297091684333,2.78321257673456e-07,-84.0238766409535
"sr3 sola","sr3_inf",0.814062509235717,3.70946040923109e-05,-93.3076482254683
"las tres","sr1_inf",-6.87434331516798,4.4149649026871e-06,-67.9932771825764
"las tres","sr2_inf",6.89403783251704,4.19523315420341e-09,-67.9932771825764
"las tres","sr3_inf",-2.5473445068684,4.71691916497219e-07,-67.9932771825764
