"modelo","term","estimate","p","logLik"
"sr1 sola","sr1_inf",1.28079567676918,0.00578378893893189,-79.2426352252518
"sr2 sola","sr2_inf",1.59007546518697,1.53876775259432e-06,-64.6184611444594
"sr3 sola","sr3_inf",0.783788574658998,0.000313905551423846,-75.0972358087997
"las tres","sr1_inf",-8.83917093031785,3.54329922360604e-06,-44.1126119597915
"las tres","sr2_inf",8.55599768479285,1.29698424346053e-07,-44.1126119597915
"las tres","sr3_inf",-3.28638215855067,8.38977935320261e-06,-44.1126119597915
