"modelo","term","estimate","p","logLik"
"sr1 sola","sr1_inf",2.52351973244424,7.95934309366692e-10,-189.796399665295
"sr2 sola","sr2_inf",2.57358494053872,1.07156842451396e-21,-110.898278623076
"sr3 sola","sr3_inf",2.64591464074188,1.7563804957003e-19,-114.83847301741
"las tres","sr2_inf",2.57358494053872,1.07156842451396e-21,-110.898278623076
