"conglomerado","n_miembros","theta1_media","rice_real","rice_pseudo_media","premio_cohesion","p_perm","votos_validos"
"Vamos por Chile",37,0.683450511178455,0.855411847437201,0.832858369564687,0.0225534778725135,0.324,4521
"Apruebo Dignidad",28,-0.540090837648937,0.815991625587694,0.807609819291205,0.00838180629648855,0.316,4707
"Lista del Apruebo",25,-0.160756257921457,0.713125410629376,0.740142515794046,-0.0270171051646698,0.906,4707
"Lista del Pueblo",23,-0.773743963759878,0.873240046993114,0.857931886496637,0.015308160496477,0.104,4707
"Escaños Reservados PPOO",17,-0.754358670290779,0.874883766521322,0.85947973227122,0.0154040342501024,0.158,4698
